{
    "LATITUDE": 37.568890,
    "LONGITUDE": 126.978450,
    "ALTITUDE": 127.2,
    "SPEED": 8.9,
    "AZIMUTH": 275.3,
    "TILT": -2.1,
    "ROLL": 1.5,
    "TIME": "2025-09-04T16:59:00Z"
}