{
    "LATITUDE": 37.568560,
    "LONGITUDE": 126.978120,
    "ALTITUDE": 85.7,
    "SPEED": 22.4,
    "AZIMUTH": 195.8,
    "TILT": 8.2,
    "ROLL": -2.7,
    "TIME": "2025-09-04T16:56:00Z"
}