{
    "LATITUDE": 37.566675,
    "LONGITUDE": 126.977944,
    "ALTITUDE": 151.8,
    "SPEED": 15.4,
    "AZIMUTH": 174.2,
    "TILT": 0.6,
    "ROLL": 0.1,
    "TIME": "2025-09-05T04:37:52.950Z"
}