{
    "LATITUDE": 37.56644,
    "LONGITUDE": 126.978126,
    "ALTITUDE": 157.7,
    "SPEED": 12.1,
    "AZIMUTH": 178.2,
    "TILT": 0.7,
    "ROLL": 2.2,
    "TIME": "2025-09-04T03:04:15.972Z"
}