{
    "LATITUDE": 37.566569,
    "LONGITUDE": 126.978049,
    "ALTITUDE": 139.7,
    "SPEED": 10.7,
    "AZIMUTH": 1.8,
    "TILT": -0.9,
    "ROLL": 0.6,
    "TIME": "2025-09-04T03:10:41.064Z"
}