{
    "LATITUDE": 37.566573,
    "LONGITUDE": 126.977925,
    "ALTITUDE": 158.6,
    "SPEED": 13.9,
    "AZIMUTH": 177.7,
    "TILT": -1,
    "ROLL": 0.1,
    "TIME": "2025-09-05T04:37:37.948Z"
}