{
    "LATITUDE": 37.566338,
    "LONGITUDE": 126.978152,
    "ALTITUDE": 161.3,
    "SPEED": 14,
    "AZIMUTH": 152.8,
    "TILT": 1.5,
    "ROLL": -1.9,
    "TIME": "2025-09-04T03:05:10.983Z"
}