{
    "LATITUDE": 37.56826,
    "LONGITUDE": 126.97783,
    "ALTITUDE": 52.3,
    "SPEED": 15.7,
    "AZIMUTH": 185.5,
    "TILT": 3.8,
    "ROLL": -1.2,
    "TIME": "2025-09-04T15:42:00Z"
}