{
    "LATITUDE": 37.566362,
    "LONGITUDE": 126.978058,
    "ALTITUDE": 132.3,
    "SPEED": 4.2,
    "AZIMUTH": 349.2,
    "TILT": 1,
    "ROLL": 1,
    "TIME": "2025-09-03T23:12:47.582Z"
}