{
    "LATITUDE": 37.56889,
    "LONGITUDE": 126.97845,
    "ALTITUDE": 127.2,
    "SPEED": 99,
    "AZIMUTH": 360,
    "TILT": -2.1,
    "ROLL": 1.5,
    "TIME": "2025-09-04T03:27:54.706Z"
}